id,anchorID,tagID,sequenceID,pan,processed_flag,timestampToA,Timestamp ToA
1,ANCH0001,TAG00001,0,0,1,7.28E+11,7.2848E+11
2,ANCH0004,TAG00001,0,0,1,7.28E+11,7.2848E+11
3,ANCH0002,TAG00001,0,0,1,7.28E+11,7.2848E+11
4,ANCH0003,TAG00001,0,0,1,7.28E+11,7.2848E+11
5,ANCH0001,TAG00001,1,0,1,7.59E+11,7.59054E+11
6,ANCH0004,TAG00001,1,0,1,7.59E+11,7.59054E+11
7,ANCH0002,TAG00001,1,0,1,7.59E+11,7.59054E+11
8,ANCH0003,TAG00001,1,0,1,7.59E+11,7.59054E+11
9,ANCH0001,TAG00001,2,0,1,7.74E+11,7.73513E+11
10,ANCH0002,TAG00001,2,0,1,7.74E+11,7.73513E+11
11,ANCH0001,TAG00001,3,0,1,7.94E+11,7.94137E+11
12,ANCH0003,TAG00001,2,0,1,7.74E+11,7.73513E+11
13,ANCH0001,TAG00001,4,0,1,8.10E+11,8.09604E+11
14,ANCH0004,TAG00001,2,0,1,7.74E+11,7.73513E+11
15,ANCH0004,TAG00001,3,0,1,7.94E+11,7.94137E+11
16,ANCH0004,TAG00001,4,0,1,8.10E+11,8.09604E+11
17,ANCH0001,TAG00001,5,0,1,8.20E+11,8.19914E+11
18,ANCH0004,TAG00001,5,0,1,8.20E+11,8.19914E+11
19,ANCH0002,TAG00001,3,0,1,7.94E+11,7.94137E+11
20,ANCH0002,TAG00001,4,0,1,8.10E+11,8.09604E+11
21,ANCH0002,TAG00001,5,0,1,8.20E+11,8.19914E+11
22,ANCH0003,TAG00001,4,0,1,8.10E+11,8.09604E+11
23,ANCH0003,TAG00001,5,0,1,8.20E+11,8.19914E+11
24,ANCH0004,TAG00001,6,0,1,8.52E+11,8.51885E+11
25,ANCH0002,TAG00001,6,0,1,8.52E+11,8.51885E+11
26,ANCH0003,TAG00001,6,0,1,8.52E+11,8.51885E+11
27,ANCH0002,TAG00001,7,0,1,8.83E+11,8.82659E+11
28,ANCH0002,TAG00001,8,0,1,8.97E+11,8.97254E+11
29,ANCH0003,TAG00001,7,0,1,8.83E+11,8.82659E+11
30,ANCH0004,TAG00001,7,0,1,8.83E+11,8.82659E+11
31,ANCH0003,TAG00001,8,0,1,8.97E+11,8.97254E+11
32,ANCH0004,TAG00001,8,0,1,8.97E+11,8.97254E+11
33,ANCH0001,TAG00001,9,0,1,9.13E+11,9.12724E+11
34,ANCH0004,TAG00001,9,0,1,9.13E+11,9.12724E+11
35,ANCH0002,TAG00001,9,0,1,9.13E+11,9.12724E+11
36,ANCH0003,TAG00001,9,0,1,9.13E+11,9.12724E+11
37,ANCH0003,TAG00001,10,0,1,9.44E+11,9.44422E+11
38,ANCH0004,TAG00001,10,0,1,9.44E+11,9.44422E+11
39,ANCH0002,TAG00001,10,0,1,9.44E+11,9.44422E+11
40,ANCH0004,TAG00001,11,0,1,9.75E+11,9.75477E+11
41,ANCH0002,TAG00001,11,0,1,9.75E+11,9.75477E+11
42,ANCH0001,TAG00001,12,0,1,1.01E+12,1.00593E+12
43,ANCH0002,TAG00001,12,0,1,1.01E+12,1.00593E+12
44,ANCH0003,TAG00001,12,0,1,1.01E+12,1.00593E+12
45,ANCH0004,TAG00001,12,0,1,1.01E+12,1.00593E+12
46,ANCH0002,TAG00001,13,0,1,1.04E+12,1.03699E+12
47,ANCH0004,TAG00001,13,0,1,1.04E+12,1.03699E+12
48,ANCH0003,TAG00001,13,0,1,1.04E+12,1.03699E+12
49,ANCH0001,TAG00001,14,0,1,1.07E+12,1.06744E+12
50,ANCH0003,TAG00001,14,0,1,1.07E+12,1.06744E+12
51,ANCH0004,TAG00001,14,0,1,1.07E+12,1.06744E+12
52,ANCH0002,TAG00001,14,0,1,1.07E+12,1.06744E+12
53,ANCH0001,TAG00001,15,0,1,1.10E+12,1.09942E+12
54,ANCH0004,TAG00001,15,0,1,9.22E+18,9.22337E+18
55,ANCH0003,TAG00001,15,0,1,9.22E+18,9.22337E+18
56,ANCH0002,TAG00001,15,0,1,9.22E+18,9.22337E+18
57,ANCH0001,TAG00001,16,0,1,60107040940,60107040940
58,ANCH0003,TAG00001,16,0,1,60107040387,60107040387
59,ANCH0004,TAG00001,16,0,1,60107040666,60107040666
60,ANCH0002,TAG00001,16,0,1,60107040230,60107040230
61,ANCH0001,TAG00001,17,0,1,1.23E+11,1.23367E+11
62,ANCH0002,TAG00001,17,0,1,1.23E+11,1.23367E+11
63,ANCH0004,TAG00001,17,0,1,1.23E+11,1.23367E+11
64,ANCH0001,TAG00001,18,0,1,1.38E+11,1.38057E+11
65,ANCH0004,TAG00001,18,0,1,1.38E+11,1.38057E+11
66,ANCH0002,TAG00001,18,0,1,1.38E+11,1.38057E+11
67,ANCH0003,TAG00001,17,0,1,1.23E+11,1.23367E+11
68,ANCH0003,TAG00001,18,0,1,1.38E+11,1.38057E+11
69,ANCH0001,TAG00001,19,0,1,1.69E+11,1.68528E+11
70,ANCH0003,TAG00001,19,0,1,1.69E+11,1.68528E+11
71,ANCH0002,TAG00001,19,0,1,1.69E+11,1.68528E+11
72,ANCH0004,TAG00001,19,0,1,1.69E+11,1.68528E+11
73,ANCH0001,TAG00001,20,0,1,2.00E+11,1.99899E+11
74,ANCH0004,TAG00001,20,0,1,2.00E+11,1.99899E+11
75,ANCH0003,TAG00001,20,0,1,2.00E+11,1.99899E+11
76,ANCH0002,TAG00001,20,0,1,2.00E+11,1.99899E+11
77,ANCH0001,TAG00001,21,0,1,2.32E+11,2.31597E+11
78,ANCH0004,TAG00001,21,0,1,2.32E+11,2.31597E+11
79,ANCH0002,TAG00001,21,0,1,2.32E+11,2.31597E+11
80,ANCH0003,TAG00001,21,0,1,2.32E+11,2.31597E+11
81,ANCH0003,TAG00001,22,0,1,2.62E+11,2.62055E+11
82,ANCH0001,TAG00001,22,0,1,2.62E+11,2.62055E+11
83,ANCH0004,TAG00001,22,0,1,2.62E+11,2.62055E+11
84,ANCH0002,TAG00001,22,0,1,2.62E+11,2.62055E+11
85,ANCH0001,TAG00001,23,0,1,2.82E+11,2.82422E+11
86,ANCH0002,TAG00001,23,0,1,2.82E+11,2.82422E+11
87,ANCH0003,TAG00001,23,0,1,2.82E+11,2.82422E+11
88,ANCH0004,TAG00001,23,0,1,2.82E+11,2.82422E+11
89,ANCH0002,TAG00001,24,0,1,3.14E+11,3.13798E+11
90,ANCH0004,TAG00001,24,0,1,3.14E+11,3.13798E+11
91,ANCH0003,TAG00001,24,0,1,3.14E+11,3.13798E+11
92,ANCH0001,TAG00001,25,0,1,3.45E+11,3.44573E+11
93,ANCH0003,TAG00001,25,0,1,3.45E+11,3.44573E+11
94,ANCH0002,TAG00001,25,0,1,3.45E+11,3.44573E+11
95,ANCH0004,TAG00001,25,0,1,3.45E+11,3.44573E+11
96,ANCH0001,TAG00001,26,0,1,3.75E+11,3.75226E+11
97,ANCH0004,TAG00001,26,0,1,3.75E+11,3.75226E+11
98,ANCH0003,TAG00001,26,0,1,3.75E+11,3.75226E+11
99,ANCH0002,TAG00001,26,0,1,3.75E+11,3.75226E+11
100,ANCH0001,TAG00001,27,0,1,4.06E+11,4.06294E+11
101,ANCH0003,TAG00001,27,0,1,4.06E+11,4.06294E+11
102,ANCH0004,TAG00001,27,0,1,4.06E+11,4.06294E+11
103,ANCH0002,TAG00001,27,0,1,4.06E+11,4.06294E+11
104,ANCH0001,TAG00001,28,0,1,4.38E+11,4.38282E+11
105,ANCH0002,TAG00001,28,0,1,4.38E+11,4.38282E+11
106,ANCH0004,TAG00001,28,0,1,4.38E+11,4.38282E+11
107,ANCH0003,TAG00001,28,0,1,4.38E+11,4.38282E+11
108,ANCH0001,TAG00001,29,0,1,4.70E+11,4.70272E+11
109,ANCH0002,TAG00001,29,0,1,4.70E+11,4.70272E+11
110,ANCH0003,TAG00001,29,0,1,4.70E+11,4.70272E+11
111,ANCH0004,TAG00001,29,0,1,4.70E+11,4.70272E+11
112,ANCH0001,TAG00001,30,0,1,4.99E+11,4.98979E+11
113,ANCH0003,TAG00001,30,0,1,4.99E+11,4.98979E+11
114,ANCH0004,TAG00001,30,0,1,4.99E+11,4.98979E+11
115,ANCH0002,TAG00001,30,0,1,4.99E+11,4.98979E+11
116,ANCH0001,TAG00001,31,0,1,5.20E+11,5.19598E+11
117,ANCH0003,TAG00001,31,0,1,5.20E+11,5.19598E+11
118,ANCH0002,TAG00001,31,0,1,5.20E+11,5.19598E+11
119,ANCH0004,TAG00001,31,0,1,5.20E+11,5.19598E+11
120,ANCH0001,TAG00001,32,0,1,5.50E+11,5.50055E+11
121,ANCH0002,TAG00001,32,0,1,5.50E+11,5.50055E+11
122,ANCH0001,TAG00001,33,0,1,5.61E+11,5.60847E+11
123,ANCH0002,TAG00001,33,0,1,5.61E+11,5.60847E+11
124,ANCH0003,TAG00001,32,0,1,5.50E+11,5.50055E+11
125,ANCH0003,TAG00001,33,0,1,5.61E+11,5.60847E+11
126,ANCH0004,TAG00001,32,0,1,5.50E+11,5.50055E+11
127,ANCH0004,TAG00001,33,0,1,5.61E+11,5.60847E+11
128,ANCH0001,TAG00001,34,0,1,5.93E+11,5.92848E+11
129,ANCH0003,TAG00001,34,0,1,5.93E+11,5.92848E+11
130,ANCH0001,TAG00001,35,0,1,6.07E+11,6.07252E+11
131,ANCH0002,TAG00001,34,0,1,5.93E+11,5.92848E+11
132,ANCH0004,TAG00001,34,0,1,5.93E+11,5.92848E+11
133,ANCH0002,TAG00001,35,0,1,6.07E+11,6.07252E+11
134,ANCH0004,TAG00001,35,0,1,6.07E+11,6.07252E+11
135,ANCH0001,TAG00001,36,0,1,6.18E+11,6.17564E+11
136,ANCH0004,TAG00001,36,0,1,6.18E+11,6.17564E+11
137,ANCH0002,TAG00001,36,0,1,6.18E+11,6.17564E+11
138,ANCH0001,TAG00001,37,0,1,6.49E+11,6.48948E+11
139,ANCH0002,TAG00001,37,0,1,6.49E+11,6.48948E+11
140,ANCH0002,TAG00001,38,0,1,6.54E+11,6.53656E+11
141,ANCH0004,TAG00001,37,0,1,6.49E+11,6.48948E+11
142,ANCH0004,TAG00001,38,0,1,6.54E+11,6.53656E+11
143,ANCH0003,TAG00001,36,0,1,6.18E+11,6.17564E+11
144,ANCH0003,TAG00001,37,0,1,6.49E+11,6.48948E+11
145,ANCH0003,TAG00001,38,0,1,6.54E+11,6.53656E+11
146,ANCH0001,TAG00001,39,0,1,6.84E+11,6.84437E+11
147,ANCH0004,TAG00001,39,0,1,6.84E+11,6.84437E+11
148,ANCH0001,TAG00001,40,0,1,6.95E+11,6.94905E+11
149,ANCH0002,TAG00001,39,0,1,6.84E+11,6.84437E+11
150,ANCH0002,TAG00001,40,0,1,6.95E+11,6.94905E+11
151,ANCH0004,TAG00001,40,0,1,6.95E+11,6.94905E+11
152,ANCH0003,TAG00001,39,0,1,6.84E+11,6.84437E+11
153,ANCH0003,TAG00001,40,0,1,6.95E+11,6.94905E+11
154,ANCH0001,TAG00001,41,0,1,7.26E+11,7.25968E+11
155,ANCH0004,TAG00001,41,0,1,7.26E+11,7.25968E+11
156,ANCH0002,TAG00001,41,0,1,7.26E+11,7.25968E+11
157,ANCH0003,TAG00001,41,0,1,7.26E+11,7.25968E+11
158,ANCH0001,TAG00001,42,0,1,7.57E+11,7.57032E+11
159,ANCH0002,TAG00001,42,0,1,7.57E+11,7.57032E+11
160,ANCH0004,TAG00001,42,0,1,7.57E+11,7.57032E+11
161,ANCH0003,TAG00001,42,0,1,7.57E+11,7.57032E+11
162,ANCH0003,TAG00001,43,0,1,7.89E+11,7.89014E+11
163,ANCH0002,TAG00001,43,0,1,7.89E+11,7.89014E+11
164,ANCH0001,TAG00001,43,0,1,7.89E+11,7.89014E+11
165,ANCH0004,TAG00001,43,0,1,7.89E+11,7.89014E+11
166,ANCH0001,TAG00001,44,0,1,8.21E+11,8.20991E+11
167,ANCH0002,TAG00001,44,0,1,8.21E+11,8.20991E+11
168,ANCH0003,TAG00001,44,0,1,8.21E+11,8.20991E+11
169,ANCH0001,TAG00001,45,0,1,8.52E+11,8.51766E+11
170,ANCH0004,TAG00001,44,0,1,8.21E+11,8.20991E+11
171,ANCH0002,TAG00001,45,0,1,8.52E+11,8.51766E+11
172,ANCH0004,TAG00001,45,0,1,8.52E+11,8.51766E+11
173,ANCH0002,TAG00001,46,0,1,8.60E+11,8.59902E+11
174,ANCH0001,TAG00001,46,0,1,8.60E+11,8.59902E+11
175,ANCH0004,TAG00001,46,0,1,8.60E+11,8.59902E+11
176,ANCH0003,TAG00001,45,0,1,8.52E+11,8.51766E+11
177,ANCH0001,TAG00001,47,0,1,8.91E+11,8.9096E+11
178,ANCH0003,TAG00001,46,0,1,8.60E+11,8.59902E+11
179,ANCH0003,TAG00001,47,0,1,8.91E+11,8.9096E+11
180,ANCH0002,TAG00001,47,0,1,8.91E+11,8.9096E+11
181,ANCH0004,TAG00001,47,0,1,8.91E+11,8.9096E+11
182,ANCH0001,TAG00001,48,0,1,9.23E+11,9.22647E+11
183,ANCH0002,TAG00001,48,0,1,9.23E+11,9.22647E+11
184,ANCH0004,TAG00001,48,0,1,9.23E+11,9.22647E+11
185,ANCH0001,TAG00001,49,0,1,9.54E+11,9.54339E+11
186,ANCH0002,TAG00001,49,0,1,9.54E+11,9.54339E+11
187,ANCH0004,TAG00001,49,0,1,9.54E+11,9.54339E+11
188,ANCH0003,TAG00001,48,0,1,9.23E+11,9.22647E+11
189,ANCH0003,TAG00001,49,0,1,9.54E+11,9.54339E+11
190,ANCH0004,TAG00001,50,0,1,9.85E+11,9.85397E+11
191,ANCH0002,TAG00001,50,0,1,9.85E+11,9.85397E+11
192,ANCH0003,TAG00001,50,0,1,9.85E+11,9.85397E+11
193,ANCH0001,TAG00001,51,0,1,1.02E+12,1.01677E+12
194,ANCH0004,TAG00001,51,0,1,1.02E+12,1.01677E+12
195,ANCH0002,TAG00001,51,0,1,1.02E+12,1.01677E+12
196,ANCH0003,TAG00001,51,0,1,1.02E+12,1.01677E+12
197,ANCH0001,TAG00001,52,0,1,1.05E+12,1.04875E+12
198,ANCH0004,TAG00001,52,0,1,1.05E+12,1.04875E+12
199,ANCH0002,TAG00001,52,0,1,1.05E+12,1.04875E+12
200,ANCH0003,TAG00001,52,0,1,1.05E+12,1.04875E+12
201,ANCH0002,TAG00001,53,0,1,9.22E+18,9.22337E+18
202,ANCH0003,TAG00001,53,0,1,12466668084,12466668084
203,ANCH0004,TAG00001,53,0,1,9.22E+18,9.22337E+18
204,ANCH0001,TAG00001,54,0,1,75070652567,75070652567
205,ANCH0004,TAG00001,54,0,1,75070652329,75070652329
206,ANCH0002,TAG00001,54,0,1,75070652154,75070652154
207,ANCH0003,TAG00001,54,0,1,75070652075,75070652075
208,ANCH0001,TAG00001,55,0,1,1.36E+11,1.36469E+11
209,ANCH0002,TAG00001,55,0,1,1.36E+11,1.36469E+11
210,ANCH0004,TAG00001,55,0,1,1.36E+11,1.36469E+11
211,ANCH0004,TAG00001,56,0,1,2.00E+11,1.9969E+11
212,ANCH0002,TAG00001,56,0,1,2.00E+11,1.9969E+11
213,ANCH0003,TAG00001,56,0,1,2.00E+11,1.9969E+11
214,ANCH0001,TAG00001,57,0,1,2.61E+11,2.61091E+11
215,ANCH0004,TAG00001,57,0,1,2.61E+11,2.61091E+11
216,ANCH0002,TAG00001,57,0,1,2.61E+11,2.61091E+11
217,ANCH0003,TAG00001,57,0,1,2.61E+11,2.61091E+11
218,ANCH0003,TAG00001,58,0,1,3.07E+11,3.06943E+11
219,ANCH0004,TAG00001,58,0,1,3.07E+11,3.06943E+11
220,ANCH0002,TAG00001,58,0,1,3.07E+11,3.06943E+11
221,ANCH0001,TAG00001,59,0,1,3.38E+11,3.37984E+11
222,ANCH0004,TAG00001,59,0,1,3.38E+11,3.37984E+11
223,ANCH0002,TAG00001,59,0,1,3.38E+11,3.37984E+11
224,ANCH0003,TAG00001,59,0,1,3.38E+11,3.37984E+11
225,ANCH0001,TAG00001,60,0,1,3.64E+11,3.63672E+11
226,ANCH0004,TAG00001,60,0,1,3.64E+11,3.63672E+11
227,ANCH0002,TAG00001,60,0,1,3.64E+11,3.63672E+11
228,ANCH0004,TAG00001,61,0,1,3.79E+11,3.79142E+11
229,ANCH0002,TAG00001,61,0,1,3.79E+11,3.79142E+11
230,ANCH0003,TAG00001,60,0,1,3.64E+11,3.63672E+11
231,ANCH0003,TAG00001,61,0,1,3.79E+11,3.79142E+11
232,ANCH0001,TAG00001,62,0,1,4.10E+11,4.09898E+11
233,ANCH0002,TAG00001,62,0,1,4.10E+11,4.09898E+11
234,ANCH0004,TAG00001,62,0,1,4.10E+11,4.09898E+11
235,ANCH0002,TAG00001,63,0,1,4.40E+11,4.40342E+11
236,ANCH0001,TAG00001,63,0,1,4.40E+11,4.40342E+11
237,ANCH0004,TAG00001,63,0,1,4.40E+11,4.40342E+11
238,ANCH0003,TAG00001,62,0,1,4.10E+11,4.09898E+11
239,ANCH0003,TAG00001,64,0,1,4.69E+11,4.68914E+11
240,ANCH0004,TAG00001,64,0,1,4.69E+11,4.68914E+11
241,ANCH0002,TAG00001,64,0,1,4.69E+11,4.68914E+11
242,ANCH0001,TAG00001,65,0,1,4.87E+11,4.87437E+11
243,ANCH0004,TAG00001,65,0,1,4.87E+11,4.87437E+11
244,ANCH0003,TAG00001,65,0,1,4.87E+11,4.87437E+11
245,ANCH0001,TAG00001,66,0,1,4.98E+11,4.9775E+11
246,ANCH0003,TAG00001,66,0,1,4.98E+11,4.9775E+11
247,ANCH0002,TAG00001,65,0,1,4.87E+11,4.87437E+11
248,ANCH0004,TAG00001,66,0,1,4.98E+11,4.9775E+11
249,ANCH0002,TAG00001,66,0,1,4.98E+11,4.9775E+11
250,ANCH0001,TAG00001,67,0,1,5.24E+11,5.23535E+11
251,ANCH0004,TAG00001,67,0,1,5.24E+11,5.23535E+11
252,ANCH0002,TAG00001,67,0,1,5.24E+11,5.23535E+11
253,ANCH0003,TAG00001,67,0,1,5.24E+11,5.23535E+11
254,ANCH0002,TAG00001,68,0,1,5.54E+11,5.53974E+11
255,ANCH0004,TAG00001,68,0,1,5.54E+11,5.53974E+11
256,ANCH0003,TAG00001,68,0,1,5.54E+11,5.53974E+11
257,ANCH0001,TAG00001,69,0,1,5.85E+11,5.84733E+11
258,ANCH0004,TAG00001,69,0,1,5.85E+11,5.84733E+11
259,ANCH0003,TAG00001,69,0,1,5.85E+11,5.84733E+11
260,ANCH0002,TAG00001,69,0,1,5.85E+11,5.84733E+11
261,ANCH0001,TAG00001,70,0,1,6.15E+11,6.15176E+11
262,ANCH0004,TAG00001,70,0,1,6.15E+11,6.15176E+11
263,ANCH0002,TAG00001,70,0,1,6.15E+11,6.15176E+11
264,ANCH0003,TAG00001,70,0,1,6.15E+11,6.15176E+11
265,ANCH0001,TAG00001,71,0,1,6.46E+11,6.45611E+11
266,ANCH0004,TAG00001,71,0,1,6.46E+11,6.45611E+11
267,ANCH0002,TAG00001,71,0,1,6.46E+11,6.45611E+11
268,ANCH0003,TAG00001,72,0,1,6.52E+11,6.52458E+11
269,ANCH0002,TAG00001,72,0,1,6.52E+11,6.52458E+11
270,ANCH0004,TAG00001,72,0,1,6.52E+11,6.52458E+11
271,ANCH0001,TAG00001,73,0,1,6.83E+11,6.83489E+11
272,ANCH0003,TAG00001,73,0,1,6.83E+11,6.83489E+11
273,ANCH0004,TAG00001,73,0,1,6.83E+11,6.83489E+11
274,ANCH0002,TAG00001,73,0,1,6.83E+11,6.83489E+11
275,ANCH0002,TAG00001,74,0,1,7.09E+11,7.09192E+11
276,ANCH0004,TAG00001,74,0,1,7.09E+11,7.09192E+11
277,ANCH0001,TAG00001,75,0,1,7.40E+11,7.4023E+11
278,ANCH0004,TAG00001,75,0,1,7.40E+11,7.4023E+11
279,ANCH0003,TAG00001,74,0,1,7.09E+11,7.09192E+11
280,ANCH0003,TAG00001,75,0,1,7.40E+11,7.4023E+11
281,ANCH0002,TAG00001,75,0,1,7.40E+11,7.4023E+11
282,ANCH0001,TAG00001,76,0,1,7.72E+11,7.71903E+11
283,ANCH0004,TAG00001,76,0,1,7.72E+11,7.71903E+11
284,ANCH0002,TAG00001,76,0,1,7.72E+11,7.71903E+11
285,ANCH0003,TAG00001,76,0,1,7.72E+11,7.71903E+11
286,ANCH0004,TAG00001,77,0,1,8.02E+11,8.02355E+11
287,ANCH0002,TAG00001,77,0,1,8.02E+11,8.02355E+11
288,ANCH0003,TAG00001,77,0,1,8.02E+11,8.02355E+11
289,ANCH0001,TAG00001,78,0,1,8.34E+11,8.33731E+11
290,ANCH0002,TAG00001,78,0,1,8.34E+11,8.33731E+11
291,ANCH0004,TAG00001,78,0,1,8.34E+11,8.33731E+11
292,ANCH0003,TAG00001,78,0,1,8.34E+11,8.33731E+11
293,ANCH0001,TAG00001,79,0,1,8.66E+11,8.65707E+11
294,ANCH0004,TAG00001,79,0,1,8.66E+11,8.65707E+11
295,ANCH0002,TAG00001,79,0,1,8.66E+11,8.65707E+11
296,ANCH0001,TAG00001,80,0,1,8.97E+11,8.96751E+11
297,ANCH0002,TAG00001,80,0,1,8.97E+11,8.96751E+11
298,ANCH0004,TAG00001,80,0,1,8.97E+11,8.96751E+11
299,ANCH0003,TAG00001,80,0,1,8.97E+11,8.96751E+11
300,ANCH0004,TAG00001,81,0,1,9.59E+11,9.58772E+11
301,ANCH0003,TAG00001,81,0,1,9.59E+11,9.58772E+11
302,ANCH0002,TAG00001,81,0,1,9.59E+11,9.58772E+11
303,ANCH0001,TAG00001,81,0,1,9.59E+11,9.58772E+11
304,ANCH0001,TAG00001,82,0,1,1.02E+12,1.0208E+12
305,ANCH0003,TAG00001,82,0,1,1.02E+12,1.0208E+12
306,ANCH0004,TAG00001,82,0,1,1.02E+12,1.0208E+12
307,ANCH0002,TAG00001,82,0,1,1.02E+12,1.0208E+12
308,ANCH0001,TAG00001,83,0,1,1.08E+12,1.08223E+12
309,ANCH0002,TAG00001,83,0,1,1.08E+12,1.08223E+12
310,ANCH0003,TAG00001,83,0,1,1.08E+12,1.08223E+12
311,ANCH0004,TAG00001,83,0,1,1.08E+12,1.07958E+12
312,ANCH0001,TAG00001,84,0,1,44201334999,44201334999
313,ANCH0003,TAG00001,84,0,1,44201334701,44201334701
314,ANCH0004,TAG00001,84,0,1,44201334685,44201334685
315,ANCH0002,TAG00001,84,0,1,44201334819,44201334819
316,ANCH0004,TAG00001,85,0,1,1.07E+11,1.06883E+11
317,ANCH0002,TAG00001,85,0,1,1.07E+11,1.06883E+11
318,ANCH0003,TAG00001,85,0,1,1.07E+11,1.06883E+11
319,ANCH0004,TAG00001,86,0,1,1.69E+11,1.68909E+11
320,ANCH0003,TAG00001,86,0,1,1.69E+11,1.68909E+11
321,ANCH0002,TAG00001,86,0,1,1.69E+11,1.68909E+11
322,ANCH0001,TAG00001,87,0,1,2.29E+11,2.29103E+11
323,ANCH0002,TAG00001,87,0,1,2.29E+11,2.29103E+11
324,ANCH0003,TAG00001,87,0,1,2.29E+11,2.29103E+11
325,ANCH0004,TAG00001,87,0,1,2.29E+11,2.29103E+11
326,ANCH0001,TAG00001,88,0,1,2.91E+11,2.91183E+11
327,ANCH0002,TAG00001,88,0,1,2.91E+11,2.91183E+11
328,ANCH0004,TAG00001,88,0,1,2.91E+11,2.91183E+11
329,ANCH0003,TAG00001,88,0,1,2.91E+11,2.91183E+11
330,ANCH0001,TAG00001,89,0,1,3.52E+11,3.52059E+11
331,ANCH0004,TAG00001,89,0,1,3.52E+11,3.52059E+11
332,ANCH0002,TAG00001,89,0,1,3.52E+11,3.52059E+11
333,ANCH0001,TAG00001,90,0,1,4.12E+11,4.1229E+11
334,ANCH0002,TAG00001,90,0,1,4.12E+11,4.1229E+11
335,ANCH0004,TAG00001,90,0,1,4.12E+11,4.1229E+11
336,ANCH0003,TAG00001,90,0,1,4.12E+11,4.1229E+11
337,ANCH0004,TAG00001,91,0,1,4.72E+11,4.72481E+11
338,ANCH0003,TAG00001,91,0,1,4.72E+11,4.72481E+11
339,ANCH0002,TAG00001,91,0,1,4.72E+11,4.72481E+11
340,ANCH0001,TAG00001,92,0,1,5.36E+11,5.35709E+11
341,ANCH0004,TAG00001,92,0,1,5.36E+11,5.35709E+11
342,ANCH0002,TAG00001,92,0,1,5.36E+11,5.35709E+11
343,ANCH0003,TAG00001,92,0,1,5.36E+11,5.35709E+11
344,ANCH0001,TAG00001,93,0,1,5.98E+11,5.98338E+11
345,ANCH0002,TAG00001,93,0,1,5.98E+11,5.98338E+11
346,ANCH0004,TAG00001,93,0,1,5.98E+11,5.98338E+11
347,ANCH0003,TAG00001,93,0,1,5.98E+11,5.98338E+11
348,ANCH0001,TAG00001,94,0,1,6.59E+11,6.59182E+11
349,ANCH0003,TAG00001,94,0,1,6.59E+11,6.59182E+11
350,ANCH0002,TAG00001,94,0,1,6.59E+11,6.59182E+11
351,ANCH0004,TAG00001,94,0,1,6.59E+11,6.59182E+11
352,ANCH0001,TAG00001,95,0,1,7.22E+11,7.22422E+11
353,ANCH0002,TAG00001,95,0,1,7.22E+11,7.22422E+11
354,ANCH0004,TAG00001,95,0,1,7.22E+11,7.22422E+11
355,ANCH0003,TAG00001,95,0,1,7.22E+11,7.22422E+11
356,ANCH0002,TAG00001,96,0,1,7.85E+11,7.8506E+11
357,ANCH0001,TAG00001,96,0,1,7.85E+11,7.8506E+11
358,ANCH0004,TAG00001,96,0,1,7.85E+11,7.8506E+11
359,ANCH0001,TAG00001,97,0,1,8.48E+11,8.47692E+11
360,ANCH0004,TAG00001,97,0,1,8.48E+11,8.47692E+11
361,ANCH0003,TAG00001,97,0,1,8.48E+11,8.47692E+11
362,ANCH0002,TAG00001,97,0,1,8.48E+11,8.47692E+11
363,ANCH0001,TAG00001,98,0,1,9.08E+11,9.08499E+11
364,ANCH0002,TAG00001,98,0,1,9.08E+11,9.08499E+11
365,ANCH0004,TAG00001,98,0,1,9.08E+11,9.08499E+11
366,ANCH0002,TAG00001,99,0,1,9.69E+11,9.68703E+11
367,ANCH0004,TAG00001,99,0,1,9.69E+11,9.68703E+11
368,ANCH0003,TAG00001,99,0,1,9.69E+11,9.68703E+11
369,ANCH0001,TAG00001,100,0,1,1.03E+12,1.0289E+12
370,ANCH0002,TAG00001,100,0,1,1.03E+12,1.0289E+12
371,ANCH0003,TAG00001,100,0,1,1.03E+12,1.0289E+12
372,ANCH0004,TAG00001,100,0,1,1.03E+12,1.0289E+12
373,ANCH0001,TAG00001,101,0,1,1.09E+12,1.09033E+12
374,ANCH0002,TAG00001,101,0,1,1.09E+12,1.09033E+12
375,ANCH0003,TAG00001,101,0,1,1.09E+12,1.09033E+12
376,ANCH0004,TAG00001,101,0,1,1.09E+12,1.09033E+12
377,ANCH0004,TAG00001,102,0,1,51667728188,51667728188
378,ANCH0002,TAG00001,102,0,1,51667728320,51667728320
379,ANCH0003,TAG00001,102,0,1,51667728278,51667728278
380,ANCH0001,TAG00001,103,0,1,1.14E+11,1.13719E+11
381,ANCH0002,TAG00001,103,0,1,1.14E+11,1.13719E+11
382,ANCH0004,TAG00001,103,0,1,1.14E+11,1.13719E+11
383,ANCH0003,TAG00001,103,0,1,1.14E+11,1.13719E+11
384,ANCH0001,TAG00001,104,0,1,1.76E+11,1.75773E+11
385,ANCH0002,TAG00001,104,0,1,1.76E+11,1.75773E+11
386,ANCH0004,TAG00001,104,0,1,1.76E+11,1.75773E+11
387,ANCH0001,TAG00001,105,0,1,2.37E+11,2.36615E+11
388,ANCH0003,TAG00001,105,0,1,2.37E+11,2.36615E+11
389,ANCH0002,TAG00001,105,0,1,2.37E+11,2.36615E+11
390,ANCH0004,TAG00001,105,0,1,2.37E+11,2.36615E+11
391,ANCH0001,TAG00001,106,0,1,2.58E+11,2.58316E+11
392,ANCH0004,TAG00001,106,0,1,2.58E+11,2.58316E+11
393,ANCH0002,TAG00001,106,0,1,2.58E+11,2.58316E+11
394,ANCH0003,TAG00001,106,0,1,2.58E+11,2.58316E+11
395,ANCH0004,TAG00001,107,0,1,2.90E+11,2.89692E+11
396,ANCH0002,TAG00001,107,0,1,2.90E+11,2.89692E+11
397,ANCH0003,TAG00001,107,0,1,2.90E+11,2.89692E+11
398,ANCH0001,TAG00001,108,0,1,3.21E+11,3.21071E+11
399,ANCH0004,TAG00001,108,0,1,3.21E+11,3.21071E+11
400,ANCH0002,TAG00001,108,0,1,3.21E+11,3.21071E+11
401,ANCH0003,TAG00001,108,0,1,3.21E+11,3.21071E+11
402,ANCH0001,TAG00001,109,0,1,3.52E+11,3.51846E+11
403,ANCH0002,TAG00001,109,0,1,3.52E+11,3.51846E+11
404,ANCH0004,TAG00001,109,0,1,3.52E+11,3.51846E+11
405,ANCH0001,TAG00001,110,0,1,3.83E+11,3.82905E+11
406,ANCH0004,TAG00001,110,0,1,3.83E+11,3.82905E+11
407,ANCH0002,TAG00001,110,0,1,3.83E+11,3.82905E+11
408,ANCH0003,TAG00001,110,0,1,3.83E+11,3.82905E+11
409,ANCH0004,TAG00001,111,0,1,4.14E+11,4.1395E+11
410,ANCH0001,TAG00001,111,0,1,4.14E+11,4.1395E+11
411,ANCH0002,TAG00001,111,0,1,4.14E+11,4.1395E+11
412,ANCH0003,TAG00001,111,0,1,4.14E+11,4.1395E+11
413,ANCH0004,TAG00001,112,0,1,4.45E+11,4.45305E+11
414,ANCH0001,TAG00001,112,0,1,4.45E+11,4.45305E+11
415,ANCH0002,TAG00001,112,0,1,4.45E+11,4.45305E+11
416,ANCH0003,TAG00001,112,0,1,4.45E+11,4.45305E+11
417,ANCH0003,TAG00001,113,0,1,4.65E+11,4.64572E+11
418,ANCH0001,TAG00001,113,0,1,4.65E+11,4.64572E+11
419,ANCH0002,TAG00001,113,0,1,4.65E+11,4.64572E+11
420,ANCH0004,TAG00001,113,0,1,4.65E+11,4.64572E+11
421,ANCH0001,TAG00001,114,0,1,4.90E+11,4.90349E+11
422,ANCH0002,TAG00001,114,0,1,4.90E+11,4.90349E+11
423,ANCH0004,TAG00001,114,0,1,4.90E+11,4.90349E+11
424,ANCH0003,TAG00001,114,0,1,4.90E+11,4.90349E+11
425,ANCH0001,TAG00001,115,0,1,5.11E+11,5.1097E+11
426,ANCH0003,TAG00001,115,0,1,5.11E+11,5.1097E+11
427,ANCH0004,TAG00001,115,0,1,5.11E+11,5.1097E+11
428,ANCH0002,TAG00001,115,0,1,5.11E+11,5.1097E+11
429,ANCH0001,TAG00001,116,0,1,5.42E+11,5.42014E+11
430,ANCH0004,TAG00001,116,0,1,5.42E+11,5.42014E+11
431,ANCH0003,TAG00001,116,0,1,5.42E+11,5.42014E+11
432,ANCH0002,TAG00001,116,0,1,5.42E+11,5.42014E+11
433,ANCH0001,TAG00001,117,0,1,5.73E+11,5.7284E+11
434,ANCH0003,TAG00001,117,0,1,5.73E+11,5.7284E+11
435,ANCH0004,TAG00001,117,0,1,5.73E+11,5.7284E+11
436,ANCH0002,TAG00001,117,0,1,5.73E+11,5.7284E+11
437,ANCH0004,TAG00001,118,0,1,6.04E+11,6.03885E+11
438,ANCH0002,TAG00001,118,0,1,6.04E+11,6.03885E+11
439,ANCH0003,TAG00001,118,0,1,6.04E+11,6.03885E+11
440,ANCH0001,TAG00001,119,0,1,6.30E+11,6.29552E+11
441,ANCH0002,TAG00001,119,0,1,6.30E+11,6.29552E+11
442,ANCH0003,TAG00001,119,0,1,6.30E+11,6.29552E+11
443,ANCH0004,TAG00001,119,0,1,6.30E+11,6.29552E+11
444,ANCH0001,TAG00001,120,0,1,6.40E+11,6.39864E+11
445,ANCH0002,TAG00001,120,0,1,6.40E+11,6.39864E+11
446,ANCH0003,TAG00001,120,0,1,6.40E+11,6.39864E+11
447,ANCH0004,TAG00001,120,0,1,6.40E+11,6.39864E+11
448,ANCH0002,TAG00001,121,0,1,6.55E+11,6.55335E+11
449,ANCH0003,TAG00001,121,0,1,6.55E+11,6.55335E+11
450,ANCH0001,TAG00001,122,0,1,6.71E+11,6.70804E+11
451,ANCH0004,TAG00001,121,0,1,6.55E+11,6.55335E+11
452,ANCH0004,TAG00001,122,0,1,6.71E+11,6.70804E+11
453,ANCH0001,TAG00001,123,0,1,6.86E+11,6.8627E+11
454,ANCH0002,TAG00001,122,0,1,6.71E+11,6.70804E+11
455,ANCH0003,TAG00001,122,0,1,6.71E+11,6.70804E+11
456,ANCH0004,TAG00001,123,0,1,6.86E+11,6.8627E+11
457,ANCH0002,TAG00001,123,0,1,6.86E+11,6.8627E+11
458,ANCH0003,TAG00001,123,0,1,6.86E+11,6.8627E+11
459,ANCH0001,TAG00001,124,0,1,6.97E+11,6.96583E+11
460,ANCH0002,TAG00001,124,0,1,6.97E+11,6.96583E+11
461,ANCH0001,TAG00001,125,0,1,7.07E+11,7.06897E+11
462,ANCH0004,TAG00001,124,0,1,6.97E+11,6.96583E+11
463,ANCH0003,TAG00001,124,0,1,6.97E+11,6.96583E+11
464,ANCH0004,TAG00001,125,0,1,7.07E+11,7.06897E+11
465,ANCH0003,TAG00001,125,0,1,7.07E+11,7.06897E+11
466,ANCH0002,TAG00001,125,0,1,7.07E+11,7.06897E+11
467,ANCH0001,TAG00001,126,0,1,7.38E+11,7.37836E+11
468,ANCH0004,TAG00001,126,0,1,7.38E+11,7.37836E+11
469,ANCH0003,TAG00001,126,0,1,7.38E+11,7.37836E+11
470,ANCH0002,TAG00001,126,0,1,7.38E+11,7.37836E+11
471,ANCH0001,TAG00001,127,0,1,7.58E+11,7.58459E+11
472,ANCH0004,TAG00001,127,0,1,7.58E+11,7.58459E+11
473,ANCH0002,TAG00001,127,0,1,7.58E+11,7.58459E+11
474,ANCH0003,TAG00001,127,0,1,7.58E+11,7.58459E+11
475,ANCH0001,TAG00001,128,0,1,7.89E+11,7.88925E+11
476,ANCH0001,TAG00001,129,0,1,7.95E+11,7.94546E+11
477,ANCH0002,TAG00001,128,0,1,7.89E+11,7.88925E+11
478,ANCH0004,TAG00001,128,0,1,7.89E+11,7.88925E+11
479,ANCH0002,TAG00001,129,0,1,7.95E+11,7.94546E+11
480,ANCH0004,TAG00001,129,0,1,7.95E+11,7.94546E+11
481,ANCH0003,TAG00001,128,0,1,7.89E+11,7.88925E+11
482,ANCH0003,TAG00001,129,0,1,7.95E+11,7.94546E+11
483,ANCH0001,TAG00001,130,0,1,8.26E+11,8.25914E+11
484,ANCH0004,TAG00001,130,0,1,8.26E+11,8.25914E+11
485,ANCH0002,TAG00001,130,0,1,8.26E+11,8.25914E+11
486,ANCH0001,TAG00001,131,0,1,8.58E+11,8.57604E+11
487,ANCH0004,TAG00001,131,0,1,8.58E+11,8.57604E+11
488,ANCH0003,TAG00001,131,0,1,8.58E+11,8.57604E+11
489,ANCH0002,TAG00001,131,0,1,8.58E+11,8.57604E+11
490,ANCH0004,TAG00001,132,0,1,8.88E+11,8.88062E+11
491,ANCH0003,TAG00001,132,0,1,8.88E+11,8.88062E+11
492,ANCH0002,TAG00001,132,0,1,8.88E+11,8.88062E+11
493,ANCH0001,TAG00001,133,0,1,9.20E+11,9.19755E+11
494,ANCH0002,TAG00001,133,0,1,9.20E+11,9.19755E+11
495,ANCH0004,TAG00001,133,0,1,9.20E+11,9.19755E+11
496,ANCH0001,TAG00001,134,0,1,9.34E+11,9.33751E+11
497,ANCH0002,TAG00001,134,0,1,9.34E+11,9.33751E+11
498,ANCH0004,TAG00001,134,0,1,9.34E+11,9.33751E+11
499,ANCH0003,TAG00001,133,0,1,9.20E+11,9.19755E+11
500,ANCH0003,TAG00001,134,0,1,9.34E+11,9.33751E+11
501,ANCH0001,TAG00001,135,0,1,9.49E+11,9.49219E+11
502,ANCH0003,TAG00001,135,0,1,9.49E+11,9.49219E+11
503,ANCH0004,TAG00001,135,0,1,9.49E+11,9.49219E+11
504,ANCH0002,TAG00001,135,0,1,9.49E+11,9.49219E+11
505,ANCH0001,TAG00001,136,0,1,9.80E+11,9.80264E+11
506,ANCH0004,TAG00001,136,0,1,9.80E+11,9.80264E+11
507,ANCH0002,TAG00001,136,0,1,9.80E+11,9.80264E+11
508,ANCH0003,TAG00001,136,0,1,9.80E+11,9.80264E+11
509,ANCH0001,TAG00001,137,0,1,1.01E+12,1.01102E+12
510,ANCH0004,TAG00001,137,0,1,1.01E+12,1.01102E+12
511,ANCH0002,TAG00001,137,0,1,1.01E+12,1.01102E+12
512,ANCH0003,TAG00001,137,0,1,1.01E+12,1.01102E+12
513,ANCH0001,TAG00001,138,0,1,1.04E+12,1.04177E+12
514,ANCH0001,TAG00001,139,0,1,1.05E+12,1.04719E+12
515,ANCH0003,TAG00001,138,0,1,1.04E+12,1.04177E+12
516,ANCH0003,TAG00001,139,0,1,1.05E+12,1.04719E+12
517,ANCH0002,TAG00001,138,0,1,1.04E+12,1.04177E+12
518,ANCH0002,TAG00001,139,0,1,1.05E+12,1.04719E+12
519,ANCH0004,TAG00001,138,0,1,1.04E+12,1.04177E+12
520,ANCH0004,TAG00001,139,0,1,1.05E+12,1.04719E+12
521,ANCH0001,TAG00001,140,0,1,1.08E+12,1.07763E+12
522,ANCH0002,TAG00001,140,0,1,1.08E+12,1.07763E+12
523,ANCH0004,TAG00001,140,0,1,1.08E+12,1.07763E+12
524,ANCH0003,TAG00001,140,0,1,1.08E+12,1.07763E+12
525,ANCH0001,TAG00001,141,0,1,10078976713,10078976713
526,ANCH0004,TAG00001,141,0,1,10078970932,10078970932
527,ANCH0002,TAG00001,141,0,1,10078976430,10078976430
528,ANCH0003,TAG00001,141,0,1,10078952500,10078952500
529,ANCH0001,TAG00001,142,0,1,25025024398,25025024398
530,ANCH0004,TAG00001,142,0,1,25025024172,25025024172
531,ANCH0002,TAG00001,142,0,1,25025024111,25025024111
532,ANCH0002,TAG00001,143,0,1,52906107147,52906107147
533,ANCH0001,TAG00001,144,0,1,66271108250,66271108250
534,ANCH0003,TAG00001,143,0,1,52906107059,52906107059
535,ANCH0002,TAG00001,144,0,1,66271107949,66271107949
536,ANCH0004,TAG00001,143,0,1,52906107263,52906107263
537,ANCH0003,TAG00001,144,0,1,66271107918,66271107918
538,ANCH0004,TAG00001,144,0,1,66271108052,66271108052
539,ANCH0001,TAG00001,145,0,1,97940691153,97940691153
540,ANCH0004,TAG00001,145,0,1,97940690947,97940690947
541,ANCH0002,TAG00001,145,0,1,97940690840,97940690840
542,ANCH0001,TAG00001,146,0,1,1.29E+11,1.2901E+11
543,ANCH0002,TAG00001,146,0,1,1.29E+11,1.2901E+11
544,ANCH0004,TAG00001,146,0,1,1.29E+11,1.2901E+11
545,ANCH0001,TAG00001,147,0,1,1.49E+11,1.48768E+11
546,ANCH0002,TAG00001,147,0,1,1.49E+11,1.48768E+11
547,ANCH0001,TAG00001,148,0,1,1.59E+11,1.59079E+11
548,ANCH0004,TAG00001,147,0,1,1.49E+11,1.48768E+11
549,ANCH0003,TAG00001,147,0,1,1.49E+11,1.48768E+11
550,ANCH0004,TAG00001,148,0,1,1.59E+11,1.59079E+11
551,ANCH0003,TAG00001,148,0,1,1.59E+11,1.59079E+11
552,ANCH0002,TAG00001,148,0,1,1.59E+11,1.59079E+11
553,ANCH0004,TAG00001,149,0,1,1.85E+11,1.84857E+11
554,ANCH0002,TAG00001,149,0,1,1.85E+11,1.84857E+11
555,ANCH0003,TAG00001,149,0,1,1.85E+11,1.84857E+11
556,ANCH0001,TAG00001,150,0,1,2.16E+11,2.162E+11
557,ANCH0003,TAG00001,150,0,1,2.16E+11,2.162E+11
558,ANCH0004,TAG00001,150,0,1,2.16E+11,2.162E+11
559,ANCH0002,TAG00001,150,0,1,2.16E+11,2.162E+11
560,ANCH0001,TAG00001,151,0,1,2.47E+11,2.47246E+11
561,ANCH0002,TAG00001,151,0,1,2.47E+11,2.47246E+11
562,ANCH0004,TAG00001,151,0,1,2.47E+11,2.47246E+11
563,ANCH0001,TAG00001,152,0,1,2.73E+11,2.72508E+11
564,ANCH0002,TAG00001,152,0,1,2.73E+11,2.72508E+11
565,ANCH0003,TAG00001,151,0,1,2.47E+11,2.47246E+11
566,ANCH0003,TAG00001,152,0,1,2.73E+11,2.72508E+11
567,ANCH0004,TAG00001,152,0,1,2.73E+11,2.72508E+11
568,ANCH0001,TAG00001,153,0,0,2.88E+11,2.87975E+11
569,ANCH0002,TAG00001,153,0,0,2.88E+11,2.87975E+11
570,ANCH0001,TAG00001,154,0,0,3.03E+11,3.03443E+11
571,ANCH0002,TAG00001,154,0,0,3.03E+11,3.03443E+11
572,ANCH0004,TAG00001,153,0,0,2.88E+11,2.87975E+11
573,ANCH0004,TAG00001,154,0,0,3.03E+11,3.03443E+11
574,ANCH0003,TAG00001,154,0,0,3.03E+11,3.03443E+11
575,ANCH0001,TAG00001,155,0,0,3.29E+11,3.29221E+11
576,ANCH0003,TAG00001,155,0,0,3.29E+11,3.29221E+11
577,ANCH0002,TAG00001,155,0,0,3.29E+11,3.29221E+11
578,ANCH0004,TAG00001,155,0,0,3.29E+11,3.29221E+11
579,ANCH0001,TAG00001,156,0,0,3.45E+11,3.44688E+11
580,ANCH0002,TAG00001,156,0,0,3.45E+11,3.44688E+11
581,ANCH0004,TAG00001,156,0,0,3.45E+11,3.44688E+11
582,ANCH0001,TAG00001,157,0,0,3.73E+11,3.7257E+11
583,ANCH0004,TAG00001,157,0,0,3.73E+11,3.7257E+11
584,ANCH0002,TAG00001,157,0,0,3.73E+11,3.7257E+11
585,ANCH0003,TAG00001,156,0,0,3.45E+11,3.44688E+11
586,ANCH0003,TAG00001,157,0,0,3.73E+11,3.7257E+11
587,ANCH0001,TAG00001,158,0,0,4.05E+11,4.04521E+11
588,ANCH0003,TAG00001,158,0,0,4.05E+11,4.04521E+11
589,ANCH0002,TAG00001,158,0,0,4.05E+11,4.04521E+11
590,ANCH0004,TAG00001,158,0,0,4.05E+11,4.04521E+11
591,ANCH0001,TAG00001,159,0,0,4.34E+11,4.34444E+11
592,ANCH0002,TAG00001,159,0,0,4.34E+11,4.34444E+11
593,ANCH0004,TAG00001,159,0,0,4.34E+11,4.34444E+11
594,ANCH0004,TAG00001,160,0,0,4.58E+11,4.5812E+11
595,ANCH0002,TAG00001,160,0,0,4.58E+11,4.5812E+11
596,ANCH0003,TAG00001,159,0,0,4.34E+11,4.34444E+11
597,ANCH0003,TAG00001,160,0,0,4.58E+11,4.5812E+11
598,ANCH0001,TAG00001,161,0,0,4.86E+11,4.86006E+11
599,ANCH0002,TAG00001,161,0,0,4.86E+11,4.86006E+11
600,ANCH0004,TAG00001,161,0,0,4.86E+11,4.86006E+11
601,ANCH0001,TAG00001,162,0,0,5.17E+11,5.1676E+11
602,ANCH0002,TAG00001,162,0,0,5.17E+11,5.1676E+11
603,ANCH0003,TAG00001,161,0,0,4.86E+11,4.86006E+11
604,ANCH0003,TAG00001,162,0,0,5.17E+11,5.1676E+11
605,ANCH0004,TAG00001,162,0,0,5.17E+11,5.1676E+11
606,ANCH0002,TAG00001,163,0,0,5.35E+11,5.35464E+11
607,ANCH0004,TAG00001,163,0,0,5.35E+11,5.35464E+11
608,ANCH0003,TAG00001,163,0,0,5.35E+11,5.35464E+11
